"community","ROC_auc","PR_auc"
"All",0.797921953613065,0.223421212189475
"Plant-Seed Dispersers",0.804955066273172,0.256166393475298
"Plant-Pollinator",0.782710249384179,0.154713814200662
"Plant-Herbivore",0.794053586130627,0.18799259962656
"Host-Parasite",0.803582871038216,0.296689180567074
